id,title,content,author
1,,An intro to Spring Batch,Dang
2,Understanding Spring Boot,A deep dive into Spring Boot,Dang
3,REST API Basics,Building your first RESTful service,Linh
4,Spring Security Intro,Securing your app with Spring Security,Minh
5,Spring Data JPA,Working with databases using JPA,Hoa
6,Microservices with Spring,How to break your app into services,Hai
7,AWS with Spring Boot,Deploying Spring Boot apps on AWS,Nam
8,Logging Best Practices,How to log effectively in Spring apps,Lan
9,Testing in Spring Boot,Unit and integration testing in Spring,Trang
10,Exception Handling,Gracefully handling errors in Spring,Phuc
